{
  "bot-name": "ELITE-PRO-V1",
  "description": "A WhatsApp bot with rich features",
  "logo": "http://elitepro-url-clouds.onrender.com/20250604_162827.jpg",
  "keywords": ["bot"],
  "documentation-link": "https://eliteprotech.zone.id/session",
  "owner-verification": "proelite455@gmail.com",
  "env": {
    "SESSION_ID": {
      "description": "Put your SESSION_ID here.",
      "value": "",
      "required": true
    },
    "PREFIX": {
      "description": "Bot command prefix (example: ., !, #)",
      "value": ".",
      "required": true
    },
    "OWNER_NUMBER": {
      "description": "Owner's phone number in international format (without +).",
      "value": "2347047504860",
      "required": true
    }
  }
}